{"mean":{"confidence_interval":{"confidence_level":0.95,"lower_bound":191177527.1,"upper_bound":213554534.325},"point_estimate":201798572.0,"standard_error":5714716.88122765},"median":{"confidence_interval":{"confidence_level":0.95,"lower_bound":176295150.0,"upper_bound":190239900.0},"point_estimate":182569800.0,"standard_error":3112552.655157115},"median_abs_dev":{"confidence_interval":{"confidence_level":0.95,"lower_bound":20615033.72400999,"upper_bound":39059244.56655979},"point_estimate":29446733.507215977,"standard_error":4818258.133750771},"slope":null,"std_dev":{"confidence_interval":{"confidence_level":0.95,"lower_bound":42273086.54925048,"upper_bound":71059882.18656698},"point_estimate":57574356.598706014,"standard_error":7379529.160502535}}