{"mean":{"confidence_interval":{"confidence_level":0.95,"lower_bound":1273559.2319046303,"upper_bound":1433941.476457443},"point_estimate":1347689.9223365919,"standard_error":40306.03414571422},"median":{"confidence_interval":{"confidence_level":0.95,"lower_bound":1193493.3123983021,"upper_bound":1289437.4259743858},"point_estimate":1237640.1488407394,"standard_error":21099.84017544494}}