{"mean":{"confidence_interval":{"confidence_level":0.95,"lower_bound":-0.13505721670740917,"upper_bound":0.010427244454128286},"point_estimate":-0.06091265074390473,"standard_error":0.037472366041536295},"median":{"confidence_interval":{"confidence_level":0.95,"lower_bound":0.03714460388219343,"upper_bound":0.07349413872681154},"point_estimate":0.05783978854588101,"standard_error":0.009271378008703871}}