{"mean":{"confidence_interval":{"confidence_level":0.95,"lower_bound":-0.12154421289864757,"upper_bound":0.1247172734137687},"point_estimate":-0.005496818697435346,"standard_error":0.06280004280370402},"median":{"confidence_interval":{"confidence_level":0.95,"lower_bound":-0.08304190730484706,"upper_bound":0.14992363281397858},"point_estimate":0.06320821732975257,"standard_error":0.05964299475008331}}