{"mean":{"confidence_interval":{"confidence_level":0.95,"lower_bound":1500940.2610573035,"upper_bound":1781159.3680420143},"point_estimate":1639009.3109730133,"standard_error":72276.59798730769},"median":{"confidence_interval":{"confidence_level":0.95,"lower_bound":1329451.4870652484,"upper_bound":1456217.8384361437},"point_estimate":1377402.2469025753,"standard_error":37651.836904843}}