{"mean":{"confidence_interval":{"confidence_level":0.95,"lower_bound":-0.04360873790704916,"upper_bound":0.015328994653156049},"point_estimate":-0.012330882432529333,"standard_error":0.015063874670872926},"median":{"confidence_interval":{"confidence_level":0.95,"lower_bound":0.005809497511233719,"upper_bound":0.026989321966536473},"point_estimate":0.01631445483345817,"standard_error":0.005493440342987819}}