{"mean":{"confidence_interval":{"confidence_level":0.95,"lower_bound":1190591.83361345,"upper_bound":1261143.5763318634},"point_estimate":1222831.1887271632,"standard_error":18161.90378080414},"median":{"confidence_interval":{"confidence_level":0.95,"lower_bound":1177598.5730022443,"upper_bound":1245521.4514093695},"point_estimate":1210441.668739572,"standard_error":17833.832238796014}}