{"mean":{"confidence_interval":{"confidence_level":0.95,"lower_bound":-0.6783058635972911,"upper_bound":-0.5421161502698149},"point_estimate":-0.6203851255523286,"standard_error":0.034935924121559665},"median":{"confidence_interval":{"confidence_level":0.95,"lower_bound":-0.2094468269428763,"upper_bound":0.052821207150096305},"point_estimate":0.02256589255279029,"standard_error":0.08350488744707354}}