{"mean":{"confidence_interval":{"confidence_level":0.95,"lower_bound":175462307.0,"upper_bound":186371183.2},"point_estimate":180709622.0,"standard_error":2777448.0711664073},"median":{"confidence_interval":{"confidence_level":0.95,"lower_bound":171654800.0,"upper_bound":182760750.0},"point_estimate":176825750.0,"standard_error":2783635.849432278},"median_abs_dev":{"confidence_interval":{"confidence_level":0.95,"lower_bound":15584942.663311958,"upper_bound":25658203.16972581},"point_estimate":19274763.347804546,"standard_error":2447479.6979173985},"slope":null,"std_dev":{"confidence_interval":{"confidence_level":0.95,"lower_bound":21481687.001024,"upper_bound":34210356.05801298},"point_estimate":28009425.620389905,"standard_error":3263249.980379853}}