{"mean":{"confidence_interval":{"confidence_level":0.95,"lower_bound":301.5018505574448,"upper_bound":319.1685742549706},"point_estimate":310.46481390204923,"standard_error":4.526529350477323},"median":{"confidence_interval":{"confidence_level":0.95,"lower_bound":328.5448577680525,"upper_bound":329.9734234713916},"point_estimate":329.2511309209415,"standard_error":0.33476420654329225},"median_abs_dev":{"confidence_interval":{"confidence_level":0.95,"lower_bound":3.3125336235915364,"upper_bound":11.265411243093757},"point_estimate":6.568348898705799,"standard_error":2.1517149183380204},"slope":{"confidence_interval":{"confidence_level":0.95,"lower_bound":304.0262210689087,"upper_bound":321.8100140346836},"point_estimate":313.6321151601193,"standard_error":4.550883398856205},"std_dev":{"confidence_interval":{"confidence_level":0.95,"lower_bound":38.670036747053715,"upper_bound":51.421827065066935},"point_estimate":45.458514280109675,"standard_error":3.231463680651555}}