{"mean":{"confidence_interval":{"confidence_level":0.95,"lower_bound":157.12275652456415,"upper_bound":161.4058172902353},"point_estimate":159.1646315459159,"standard_error":1.0865876990382408},"median":{"confidence_interval":{"confidence_level":0.95,"lower_bound":156.10398094067014,"upper_bound":158.57898106574595},"point_estimate":157.1681739095884,"standard_error":0.7051637928672192},"median_abs_dev":{"confidence_interval":{"confidence_level":0.95,"lower_bound":2.930846743232976,"upper_bound":5.63382811280403},"point_estimate":4.405756736830761,"standard_error":0.776019407454388},"slope":{"confidence_interval":{"confidence_level":0.95,"lower_bound":156.8779509877315,"upper_bound":161.11738286679932},"point_estimate":159.04068999794714,"standard_error":1.0742935615956006},"std_dev":{"confidence_interval":{"confidence_level":0.95,"lower_bound":6.036236189461902,"upper_bound":15.442209688465132},"point_estimate":10.91714982946805,"standard_error":2.4626328771614134}}